crossref-part-00001.jsonl.gz,1KoYWD8RgN97Oj9HsuYTAW-LjECXWs_MP
crossref-part-00002.jsonl.gz,1PEKLcpgf3ULZZNg0wpML-gJPvtUpQp_p
crossref-part-00003.jsonl.gz,1BFoDAgyRqHmq2alNG8xevJ9QY0mK6McA
crossref-part-00004.jsonl.gz,1YEAfY5KXLKtypQWNSCACIse6ks1qlH5e
crossref-part-00005.jsonl.gz,1_DRqZRsg5hg9UNM94aCri1f06fDyfo6L
crossref-part-00006.jsonl.gz,15e7Osz8V6KTdsQVrySxCnp_KxKXg00qp
crossref-part-00007.jsonl.gz,1qfo2LHjkJfl6FMfWAugz1pOYeoRpwfeD
crossref-part-00008.jsonl.gz,1P5ComFPliayAAo2C6BXACyAdY8oNmEYa
crossref-part-00009.jsonl.gz,1_qJctDbveWzzPLHSiFExCMo4s2vceidF
crossref-part-00010.jsonl.gz,1TtSQTDKW2vNdALjWeByDtWyWGgzDBCFo
crossref-part-00011.jsonl.gz,1vUKsEQ9mXP7k6rEjFGllBPq8jxjcSbtl
crossref-part-00012.jsonl.gz,1C0BDycYlDt5OSz0MS5jF-csw5f9dTH_r
crossref-part-00013.jsonl.gz,1UMhkFMAjL1sdYA7RHCIUWtnmGG97MjDT
crossref-part-00014.jsonl.gz,1YzKFoU0FiMpxy5U-eF8H_Zxee4a_o3rU
crossref-part-00015.jsonl.gz,1eyeKgmbUX1sBii_-uobXaiXiFnL7z36b
crossref-part-00016.jsonl.gz,1JvDmAP4yuIp05KMuoyYnXk3z8QSYx4uq
jstor-part-00001.jsonl.gz,1rK0GUATgyEEWmZpTmTSGcDfFfGcYVLKB
pubmed-part-00001.jsonl.gz,1II77pF4bXAZ0SKgrSO5xW20O-bhQ-i2k
pubmed-part-00002.jsonl.gz,1dihGFYMcGCs5I79ZlOU-dlBr73AO4_4I
pubmed-part-00003.jsonl.gz,1UU1xVSIsqbd5q1jQsB4-QciXfH2OFMN-
pubmed-part-00004.jsonl.gz,1nsLLcoxkNoI5eVhL4O0x5Oxg3kqJ-cCl
pubmed-part-00005.jsonl.gz,10TmpGH-TsgjN_K98uJSoCTSPNd17G52L
pubmed-part-00006.jsonl.gz,10r06AEp2qABViT6qOg3RuxUzuJDGTa89
pubmed-part-00007.jsonl.gz,1sss5IkhAdcBzVo2xYnVHDs_k90fIyJM7
pubmed-part-00008.jsonl.gz,1bAqvMuG3sgDUkDderLLmxN0fZs1sDJrE
pubmed-part-00009.jsonl.gz,1YA2zEbQ7v9yXZRfQyHfdpCyLS9FjU34d
pubmed-part-00010.jsonl.gz,1T6Y7r4QZ_gCZ6pt3tAdj6C_gauCT8dQw
pubmed-part-00011.jsonl.gz,1mQw3lmRuoIkGZINUQCv7tbhCPjpqAtqb
pubmed-part-00012.jsonl.gz,1nQlR9PlOCYVxBMlcOAIkrkL2NlE-P2I0
pubmed-part-00013.jsonl.gz,1RhJxknQhycmhTtB3FdA7EvF3df4eRw_n
pubmed-part-00014.jsonl.gz,1CJ-m6YGmZ-FZ9hdbXPv1f49_ev1hMRwj
pubmed-part-00015.jsonl.gz,1cTyfwF1wqJvruaLAiaacezP21gWK4Sfg
pubmed-part-00016.jsonl.gz,1Sv5BY3oPSjuzBtV5sAs6-CRN8XrP8Qhg
pubmed-part-00017.jsonl.gz,1i5s6rIB2g09QSxVm5SPn_CVdZm6b-hzc
pubmed-part-00018.jsonl.gz,1mpPCDsursiQywoXP_q359oco9dsBAVbC
pubmed-part-00019.jsonl.gz,1m1EaglVrU6Dy80OaranQNctzhCKyxZUU
pubmed-part-00020.jsonl.gz,1o0a2LebSYctnoTjfY8dAX5lbU0Lzlx9S
pubmed-part-00021.jsonl.gz,1YJAELicITDz-jBqqm2R3NTccRNhrI77v
pubmed-part-00022.jsonl.gz,1OqlNkCDqIN4r2H94WHEgcmSlzaDd8giw
pubmed-part-00023.jsonl.gz,1CP82gDDoomumXn0kZLYILlVBe7_35BVr
pubmed-part-00024.jsonl.gz,1AOL-cEPPALvFGaZO8cdHzx0KKxWegIFw
pubmed-part-00025.jsonl.gz,1hfRL_SeUVgivsG-BmoPaLsOlsNcQmELI
pubmed-part-00026.jsonl.gz,1m-NSGRywjlmNVwmdCH9jlqGsRf_vN_kz
pubmed-part-00027.jsonl.gz,1oBISuSUMJq56ldqfbfwN8xSvvzRS-sC7
pubmed-part-00028.jsonl.gz,1ORgV8YAobqUZ0_cS6hH9yPInVb2jJ_CB
pubmed-part-00029.jsonl.gz,1eh9QQpw6xTCS2ueuY8eoK7NnkxdSqb5P
pubmed-part-00030.jsonl.gz,1M6Q750VM0hc-YoKHV5a_qnIMlViqFQ7K
pubmed-part-00031.jsonl.gz,1nHiJXqb37dKwptyrJWJzp8JmSsJylbbU
pubmed-part-00032.jsonl.gz,1kOiPME-fNxHDYnimidr46pnnr_vrVLgQ
